address,collateral_xlm,supply_xlm,borrow_xlm
GCA34HBKNLWN3AOXWBRW5Y3HSGHCWF3UDBRJ5YHGU6HWGJZEPO2NSXI3,"435,629,118.07 XLM",0.00 XLM,0.00 XLM
GDMCUWYGHGOM2AIWVFJVW6PW3Y77CL5BSIF67BKHOMDEZMCXHFQW7VTK,"500,000.26 XLM",0.00 XLM,0.00 XLM
GAZXV3PHJ342NLK2UJYAK2VU6DYZGMN5TF2JEEQXEW4MOB6DYDCZLAPL,"300,000.04 XLM",0.00 XLM,0.00 XLM
GDSF55YZI2RP44XT2O24W7FVI7QG3H6IRC5TZTNVI3LTCEYDNV7ZVG7I,"142,046.14 XLM",0.00 XLM,0.00 XLM
GBQPDBTU6Z6COF3AYFJNH3PWGN2I6T2LT6BN2W362IBVICJCCACIFEJ6,"140,414.77 XLM",0.00 XLM,"96,290.96 XLM"
GCHCPJCRTNHDJ252BX3YFF6D4FTGKDNYLDAC6RZJELPDM6WFMSFVVOCL,"109,788.21 XLM",0.00 XLM,0.00 XLM
GCPIKUGS2RNSH6HAKUSIDBAVHC62QMDFUNXUTET4Q3YDDCUO5B3F7D45,"105,033.21 XLM",0.00 XLM,0.00 XLM
GATCZXXIFGD7YGWNE3257ZZUFKG2WTVC54RHMSIGKBGF4HWK2AY6XBJM,"58,780.00 XLM",0.00 XLM,0.00 XLM
GCRPH2WTFPHKC6N26SEWNLCHBQ7EIPN2CBGQO6XR5XPFNXPBGJZWXFNV,"39,434.55 XLM",0.00 XLM,0.00 XLM
GD3ZOZM4ZXSK6DQICFSWHGFRHGXQBKKV5WE45OGVFML5MAMOWIOZR2VI,"25,000.01 XLM",0.00 XLM,0.00 XLM
GBWN3I4L6KABFSSJB6WHRXT5CQGW3PY5RG3QCGKGQVGSR7QEJMOQJBEV,"22,312.00 XLM",0.00 XLM,0.00 XLM
GCKRL4ICMHUVMYBHIWJXT4HK7U7ZY3S6ER2VXKIY26NWOEKCUXKU2XNB,0.00 XLM,"21,192.78 XLM",0.00 XLM
GCAUTOR5KRMXWNYWRRKNFVVHQYTGR6DARBKWL24RKDR7JCVSI6VLJUI3,"18,029.50 XLM",0.00 XLM,0.00 XLM
GB6Y24VSBEQUSOLJ6RAM4PCH2GXLM7MGZWUNNLC7ILRLYKQK3BPJTUTI,"16,241.05 XLM",0.00 XLM,0.00 XLM
GDPB4GK56AQMONITRFU3RIGPXYVENPJGQWT46FTQALC2A5AACDHX367Q,"15,854.89 XLM",0.00 XLM,"8,749.91 XLM"
GCH6THZV4BAFGII4JB6GXMRQZHLQB7VBRAJM7YK4RXBQGRWCQ3SCTXAM,"15,369.00 XLM",0.00 XLM,0.00 XLM
GDNREBWS4RV6TJIG67D7GENUYXXALGIECEODEOY5HRYMEWBGJGQTXUHW,"13,100.01 XLM",0.00 XLM,0.00 XLM
GCQEFBTWQMZMKS2PAFUKQN7QE5YQ4SFSU5PTRAV7WETVT6LNKDE5ARA7,"8,950.00 XLM",0.00 XLM,0.00 XLM
GCAAOAWUUJZ53MXAVDZIT6VAHB6V3XDEYPWWLNF2X7QAXLWYL53COVDD,"6,349.65 XLM",0.00 XLM,0.00 XLM
GBX72VJCZCKKQLTB5PDDHVDAJZOYB5MUFRNPI4WNVY25MZDRTRQ3A6M3,"6,129.85 XLM",0.00 XLM,0.00 XLM
GDJSH2NU2WF6J4P5DL4522DUCABWSTZOKFQ7BHBCFYQ3QKC6FRYWP6OL,"5,678.00 XLM",0.00 XLM,0.00 XLM
GCDJOIQAXVS524TI73TLEH7RBOSGN3RI4FRHTNNKWPDCPV3O4QJQUO2N,"5,209.77 XLM",0.00 XLM,0.00 XLM
GAXPLFYO5ARCI3QXJAMZ6V4EPOQR2ITT6KUM574D6MG4PAW6SABSJEA4,"4,980.00 XLM",0.00 XLM,0.00 XLM
GDVEAFWLJYQPNNMHQ27FNW5GYHJOSXUSFQDNZU62AGTE2Q5F4V5QSGNW,"3,500.09 XLM",0.00 XLM,0.00 XLM
GAD2NZH7LOFMGEMXAMZBHKNQNJRMGUMZPA27HNETT66KVS7DZMH2C4PW,"2,624.00 XLM",0.00 XLM,0.00 XLM
GD56PNNNAA6UNBGI5KXXNTCSKJSRL7CFH4NPEOO4TUB23IFPBTHNQVDC,"2,000.00 XLM",0.00 XLM,0.00 XLM
GD2YK2ZOSSGBXGA76FN2KPJKG7FWHUL6CVRRNK3LDIS54ID7DTJ4H6IY,"1,900.00 XLM",0.00 XLM,0.00 XLM
GA7UQ5XCAELHS5UOSW7UEEJVS36FJ6I47YTKENYJKRTBW7YRKYK2NNL6,"1,800.00 XLM",0.00 XLM,0.00 XLM
GATIOIELQWVB6CRMA6KSRTDYMHWZD65GQDFZ7JF4MAXYOBOGUUSIQXVB,"1,775.23 XLM",0.00 XLM,0.00 XLM
GAYU2LZY6W5RLP7MFSVJY24EQS7VPKVDCLH7NSMD26IO4DGLMB34NJKN,"1,151.00 XLM",0.00 XLM,0.00 XLM
GCHM45CKRN32MTUR3BOQAILYIWMLFDLERCBYMC56RBUFDSY6SG3TJBSN,"1,100.00 XLM",0.00 XLM,0.00 XLM
GCYVR6JS6DLRAFF2HEC6LN7J6H6JS2VMERCTGV64RESTZAJMOHB5RHU7,"1,000.00 XLM",0.00 XLM,0.00 XLM
GB35DW2RBB7Q5Y3T3O2MMHLW22P2CIWK3OBJACR7JEOFJCKTGJDV4CQI,"1,000.00 XLM",0.00 XLM,0.00 XLM
GD7N5NXCQGI7KTXQUT2S6N7RO4SH42ZKTMJMQTBA5QRLVADIHBABFEZ3,980.00 XLM,0.00 XLM,0.00 XLM
GB2GTSBSH3H3W4I7FQM6TELKCE6YBYG3ZHLLAVXUY2OIG3HW5Q22R7KV,978.68 XLM,0.00 XLM,0.00 XLM
GBJY7AY5GIEINQXU5W2NBFEMGTFOTB2OTNCCMKSLVIDXS3DMHG56I6XN,875.00 XLM,0.00 XLM,0.00 XLM
GCMNOPEW7YL6Z25D5XTHCF6CTWVVP4JPEBZTLP22YRW5KKSCDFS2ZPJL,696.92 XLM,0.00 XLM,0.00 XLM
GAIKWADE6FWLJOKU4F4JSJJMBMGFLSQSEWC2JKBRHF6HDCAWIP5PJROF,630.32 XLM,0.00 XLM,0.00 XLM
GCHDU7TTAF2XNCRYJ2YBRNZIWBE23Y5SVKGVGF3YP63GSAVMAFFA3IUC,504.00 XLM,0.00 XLM,0.00 XLM
GDUHSEICX6MRQWRQWW4QQX766FVWTUCOGTLZ5QAH6SL2IVX6NLEIHRKU,500.00 XLM,0.00 XLM,500.03 XLM
GBE4FY6RLT4KYM35MR47ZXATCG67ONZ7VKESEMHFPF2QF3VVHV2QM6L2,500.00 XLM,0.00 XLM,0.00 XLM
GDVQ5WQBGSHZZIW52S6JRZX7XRTSEAUM3N3RBMPWYVG5KA5FYRJDLN2X,499.33 XLM,0.00 XLM,0.00 XLM
GC3TMNG33WCC5PCNBF2ZUS2VXPPS7WOVWHISF4DIQ544G55NG4V5IG2P,489.00 XLM,0.00 XLM,0.00 XLM
GAGRZHVZRGJRNTBFJKJGCQHAPFWQNL7NJJMV7CCSJWCNJWYEGSFY4R4L,483.06 XLM,0.00 XLM,0.00 XLM
GBNC34GPKMWBUUNBLWO2QJGPCO665SYGT76ZL7TI4YCM6RVLHTGCYM3W,400.01 XLM,0.00 XLM,0.00 XLM
GAAWI7L6A5USVQYESSAYZM7UH7FPVIODMJ57RHM2KQCOEMQTUE2SXBZC,350.00 XLM,0.00 XLM,0.00 XLM
GCVADFAQRCYUAL2VKVCBPEFAANSLCP5ZHR4LUANUKIHONJ6QEBZD3JYV,337.99 XLM,0.00 XLM,0.00 XLM
GDA4BNJWARN5CZ3EOONJOLYY775LFMQ4UEA5EDXVJ222OJXFUQ5HNMEQ,318.00 XLM,0.00 XLM,0.00 XLM
GBAML6KLXKWLOK25O5VBWSZ2CZHHIJ7TZOVGPWVH2OM7BBC2G2HOX5GM,300.00 XLM,0.00 XLM,0.00 XLM
GBWTPGKBA6RIPW6UE7GRIGTCFMI326YC25MCCUV7O72QA4JYBICW6LWJ,300.00 XLM,0.00 XLM,0.00 XLM
GA4ALDNHYSLKFZWELTI4LUDGXWDGMWMZ6VUK7CEJASTYNUOYFYF3PC6Y,249.33 XLM,0.00 XLM,0.00 XLM
GA6HHKXVO6ORDDVDVNNKISZXRGDYCHCSYHEKHWBXIT3DWZZNQXNMWHU4,200.19 XLM,0.00 XLM,0.00 XLM
GCP7Y7UTJ34KG3TNKYFN2LB7D4HKJDFGZFZ2FEA5FZ4YLURBWJWVCLBK,200.00 XLM,0.00 XLM,0.00 XLM
GAXMNHRN3LGE72DECAZIHKWDX6ITPO6IMUB7XJRUGDP4AHGBHWPD75YL,195.00 XLM,0.00 XLM,0.00 XLM
GDHTGG7AU4Y3BGTNGKPJLNH2YSX25QDHNBDHMPPEN5LRPGAKS7HQUIQB,178.00 XLM,0.00 XLM,0.00 XLM
GAWM3JKGTZHXCIFNE2Y62H2BI3ZU44KXEQA57AVM6NG3VM7YEUX46ENP,177.19 XLM,0.00 XLM,0.00 XLM
GATZVRLSA4EY7IM2TYY2N4F6Y356PQGRLWX5AK5SN33ITXWTKLF73M2X,168.67 XLM,0.00 XLM,0.00 XLM
GBWCAF7QOT5GTJQZN2G6FDMNCPODLUPC7QSNX2ULE6QAYRIP5BDMFY3P,160.14 XLM,0.00 XLM,0.00 XLM
GALZK5X66A3XOMIZD6N3NVU7YZZJW6QUUDY6RRFNGK4YNYNAMRPAWITX,139.33 XLM,0.00 XLM,0.00 XLM
GDBTXBEAC25TD6N2WN3R6Z2DF4AFZ4LAPUFKYM5FJ4CXAESSNKYKKWXR,125.00 XLM,0.00 XLM,0.00 XLM
GA52ETMTFV6FD5AXG2DW2Q4NVC6QGF4FUWGI7UE6FJWYSW2VQN3H6T5T,124.86 XLM,0.00 XLM,0.00 XLM
GDY6U2NBSAP6XQZVMC7G2PMUNHWSDZH4OQ527GD3ULIHBKGXIOXY7KNZ,120.00 XLM,0.00 XLM,0.00 XLM
GBFSVZQYLYPQ527KJN4ZT7MLCYJF6234E6KRAG5GSKBEYYB7JX3N3UVM,117.81 XLM,0.00 XLM,0.00 XLM
GBTTT6GJABS26S7R6LCO6ASSUNZCST5IT7C54JDEJ2RSV2BUHU4H6VS5,110.00 XLM,0.00 XLM,0.00 XLM
GCGPTBDAZANR4NQ3G4MH65YZ5VXKBZPJNKIX6CH6EA63BPOF56QOLXPS,108.73 XLM,0.00 XLM,0.00 XLM
GBKEE4AZUJG3NDGUTVM35U22W24GEYCMWLSOGCV7KVKGOT25IAHK7EOR,101.00 XLM,0.00 XLM,0.00 XLM
GBCLQNDYNJF3MPXQJ44KWN43M6QFHO5SUYELV7BFZQGPVLREUW7YAWVE,100.05 XLM,0.00 XLM,60.50 XLM
GASAXWRQCKI5RRLBMFMUOV342DY4TKJM6DE6HZMLGOPKMZLKK43MMDXP,100.00 XLM,0.00 XLM,0.00 XLM
GCTDHRMLMYROIUJKVXZ2VOV6OC37UX6LUPX44CIBQQ2HX3FPHNL3SEK2,100.00 XLM,0.00 XLM,0.00 XLM
GCY43BN64URLKR4TYMZI7KY5OUEHLPDU6I54IXWEBA3XXOBSGVGVWA74,100.00 XLM,0.00 XLM,0.00 XLM
GDUZ7QZKDLGTTSWQA3J4SSP6THY5NVRSAMJ2EIN3ZDKXAKNK3JRPEWDS,100.00 XLM,0.00 XLM,0.00 XLM
GCCNIZ6LYLV5TPK73NLRAO7OGPC5QHFBKQVDRLTUMUWTUO3MCJJEE5LM,0.00 XLM,100.00 XLM,0.00 XLM
GAPWJZFDMIR5JJVJVOGKVKQPVQGUVNU7GGKDBATC6MYAVC2G6K737OFJ,100.00 XLM,0.00 XLM,0.00 XLM
GABGHFBDQMSOMK52MT2K5B2LWQT4AHPO72QMZTCT7UZCZWZ6VY6XLK4I,100.00 XLM,0.00 XLM,0.00 XLM
GBUPAQKIDNBY4BK6DU3X2WL3XYZHUKYZTM3CDSMEDHCRLCZHKZJ7NFYN,98.89 XLM,0.00 XLM,0.00 XLM
GC3772S4EFFIB4WJOHE66H4A2NJYROQGCWTDZAJMD5PATERVFACSGWLN,97.67 XLM,0.00 XLM,0.00 XLM
GDW2RYFP7NBMWNTE2CCS5TUI3HN3N3PVP46XLJCSXTDKZSWKBTFT35FH,95.83 XLM,0.00 XLM,0.00 XLM
GDXJ5GOD6QZDGV2VT25TR6XBPW6XLPDVU5NZPC4BFHE7ZOJB3X5XEMNK,95.00 XLM,0.00 XLM,0.00 XLM
CDPWNUW7UMCSVO36VAJSQHQECISPJLCVPDASKHRC5SEROAAZDUQ5DG2Z,0.00 XLM,90.05 XLM,0.00 XLM
GBCYT4P55RLPLDEF6GISHIJAXCSKMLUQNFMVNZZP2N2WTFK7VD274C6Q,90.00 XLM,0.00 XLM,0.00 XLM
GBQ5UIXSXCZDDV6NWP3YTJDXSGGR35ZINHBZKM7JHWO3PPYYQ2KCHVTE,89.22 XLM,0.00 XLM,0.00 XLM
GDQQ53DEYLLSX3LNJEMQGVO7WI4LTONZC7ND5X7O5EAL6SNK6DAKTBAS,0.00 XLM,84.99 XLM,0.00 XLM
GASSQS6WNHLXX5WKS6HNDEVYU6ULNGN7URLJCMEJ7UR2EU4JPCIDNQFB,71.90 XLM,0.00 XLM,0.00 XLM
GD6FNL7FTQMWCKCDJADTKQNDJ3YSDPERESN5CBHLOW3XSWMLJQNMRMM3,70.00 XLM,0.00 XLM,0.00 XLM
GCW7YH42I5DX2BBDZGZC5OSF375R33Z2JMSXLKNKJX3BW3NS5XWTTVL4,70.00 XLM,0.00 XLM,0.00 XLM
GAVV5XHHQJCJZINYXA3Y2JANCTZNW43SE5DHMBQ4COBPE7M2IMN5QELZ,68.68 XLM,0.00 XLM,0.00 XLM
GBAQG3WSO64EQYEGLXFJBU4D6QZ4I3CQRYDDEGKQGDFKGPJDKV5IMTO2,60.00 XLM,0.00 XLM,1.00 XLM
GCF25OJSSIRZQRSWBO35QDYVBC4QWQK37HKFQWZDLNSYP4BQUZSLDYZX,59.41 XLM,0.00 XLM,0.00 XLM
GDFK6ARLL7KU4WVFLWUOYCTQEA57N3XY2CFW7KZMO2DQCOF7EZZG56VU,55.99 XLM,0.00 XLM,0.00 XLM
GBEVNU6KQGF3Y6F5DZNDRQ24F3EH6WYGSYFDG55FFKKNMUE4LFRAJXTM,0.00 XLM,49.50 XLM,0.00 XLM
GBSWBXHRYUWOCAWBNUW5GIANBVC4EZD6HITOPGWCS75FRD2UZZFCUXXR,48.48 XLM,0.00 XLM,0.00 XLM
GDDUIPAIVM45XPTPMTXQLC52WESLO2WEC56EXJOCHS2VQA6NOKN6DIXQ,45.00 XLM,0.00 XLM,0.00 XLM
GAVG3ODZ4SAVK2WJL3F3RT265RL7P6QNOMA6NL3XDAREKSX3OWWMXF4R,40.77 XLM,0.00 XLM,0.00 XLM
GC3PVMFP7452P6T5WCZE7J7MTKTDU6MU2MPYMRWKUY3FATM7MS5UE6ID,40.00 XLM,0.00 XLM,0.00 XLM
GBT77C5EKHBNLW7ZDUVNWMWVKINSYFC7TKQO5AMQMK2CWFYTLS64APSJ,40.00 XLM,0.00 XLM,0.00 XLM
GBC642AOUO7INAJBD7Y3YYZ4RTLPV5QWBQP7DRJT32LETZPYL7ASXBZ7,37.73 XLM,0.00 XLM,0.00 XLM
GBQGISIXHEIVSB4MPUCUHB7HTNUDGJYAGGSSEQLBRKPEZ6PXLZ6OWNK3,37.32 XLM,0.00 XLM,0.00 XLM
GBFIQXNQBAI6RVSVGLJXQMO5LFOVFPITJJKDJKDZQ5NSOHUM7ZSIUKM7,36.12 XLM,0.00 XLM,0.00 XLM
GAHQSLK7P366W4DTDSMA4GORHNV4SPKF3XKZR4GVPEW4NU77D6KTG6QR,35.54 XLM,0.00 XLM,0.00 XLM
GCHWFEF67IUS7BARXVIINJVEUB33NH3SBNESK7DU2PNK7QD633FAH464,35.00 XLM,0.00 XLM,0.00 XLM
GDQD72ZTGC3VGKCP73SIC6NLLXQW7Q7SEE3XS6FN76IBOL2GBBBNYI75,34.88 XLM,0.00 XLM,0.00 XLM
GCESBXPHABCVVSXUVL2GZF53TAOFK3WFZEX6OLVQGMNDMEWKTSQE3UI3,34.61 XLM,0.00 XLM,0.00 XLM
GBZSG25NSFOG57OL7L2VN5QH37JV7A33M55T4SVUNL4ZNLG36RR7W7DJ,32.27 XLM,0.00 XLM,0.00 XLM
GC4B6F5NEWBSPVN4PB4XT6LZRJTKXEYQJFWMFEEYW7YV6DAXTIJMZAYT,32.00 XLM,0.00 XLM,0.00 XLM
GD27KTCEZVH7RBTOS2QOK2R33VXNAKK6BN26DOOSY5M5VHKB2LHQAJ3R,30.53 XLM,0.00 XLM,0.00 XLM
GA4QICZG4JB3YX6DQWV46ZRLZLZHAGHTGGUVYQ53K7I5ZRGZ2CDXLAHB,30.00 XLM,0.00 XLM,0.00 XLM
GCJ2JWQ5ZEJ5ZEOVLVLSOYJSGLUUH3DXL6V66LHVOY5YLCNP46MQ3HEB,27.33 XLM,0.00 XLM,0.00 XLM
GC5SD2MCVCWPB4AF26ZJIR367XOIVV3JIMY2EZPHKEJGEUEX5XSMXWZA,27.00 XLM,0.00 XLM,1.00 XLM
GBBOCLNHE5YP43JSF2QN7QUUFJ377PZ3MQMYWSWVT2S572LDAGOVEOTT,26.60 XLM,0.00 XLM,0.00 XLM
GDG3DO2VZDRGAUXD4YKR5VIHBJSCSPBQTOGZJOHUMC7KT723IDX2P55S,25.87 XLM,0.00 XLM,77.47 XLM
GA6V5Y7ZEAFWTRRNCVSQXZV672MO4K5BGIZDS72LOJ3MVNLFU62Z6ZFZ,25.00 XLM,0.00 XLM,0.00 XLM
GCJKEV6WD3VNFNDCGC5ZLTJU7DUPETA2LH4SJQ7ZIUFZ3SMFBFNS7GRE,24.41 XLM,0.00 XLM,0.00 XLM
GCB7AKJGAW6BRWJNRYB7ESBDVCYALGEX4BYHX6XQOW4ZLF7QMHYD2BBD,24.00 XLM,0.00 XLM,0.00 XLM
GBER3LYIA44X64QNZPVDRUXYGDMQZG22J27N37EMAXMPWRHCT5ZIMNOR,23.92 XLM,0.00 XLM,0.00 XLM
GA7DDAT2LINFU3LDQVOBA4OYHWOQN32WMM56C5K42GVMXFDZMVO44747,23.21 XLM,0.00 XLM,0.00 XLM
GB4XHNYUKLSCQNU3JIK52WCHZPSQARJW3NNM4LRQ2RJZGESXIMNLTKDJ,23.18 XLM,0.00 XLM,0.00 XLM
GCRXR54LYZLARGGEESTJ6EOMQFL6UGLC2OKGRJT2CUSYXBKCWFWDOSLE,22.83 XLM,0.00 XLM,0.00 XLM
GANTANCOJF42XUK6Y4PPVS3FR3PCCYKA6HHAYQKOUFJAMQABJMXO5FEQ,22.00 XLM,0.00 XLM,0.00 XLM
GATS2FXNRJXMSC6OYECTSDRX2GN2N63EZGJMHPBIQXOOEREYKNYLAEKE,20.84 XLM,0.00 XLM,0.00 XLM
GC4MJWV5BDPWL5JWBIPMTLJJJOYSCDDFZ4NVIY4PR23FFOEGQXZDXM3W,20.00 XLM,0.00 XLM,0.00 XLM
GA7HHVJFWGAZROBVLLY3XZYCCF36VL3POSBZJDNGD5RHLWNMXTC2X2L7,20.00 XLM,0.00 XLM,0.00 XLM
GBPTXPC55KEDTZMJHKWH4ZFZSCT5SC5MGVDTRV6F2JRN2OIGI76WOEQV,20.00 XLM,0.00 XLM,0.00 XLM
GDMFIMBI6Y33R733IYZPLYJIO7M6DWLAQW74GBWRKQS6SIUTL7S3I6OW,19.75 XLM,0.00 XLM,0.00 XLM
GDMBIWU3PUBBWHL4RICMLSSD77FLM2ZOV46DUZGJPTAW7CTQUUKVDSS3,19.68 XLM,0.00 XLM,0.00 XLM
GCAFBVR7PJHX7M53O473S3CQUF4SXLUDL5RJPO2QSG3QTOQIVZ5SWWPA,19.33 XLM,0.00 XLM,0.00 XLM
GABV3FWKMIPUA2H4XEBCHG6EGBT7M6WUFIB2GG77BD4UNK5BIEI77YAG,19.10 XLM,0.00 XLM,0.00 XLM
GD5XV34YG3FT6T6HAU4JONU7XXBEXGBCVNA56BXEXFGNAB2E6OI4ZQC7,19.00 XLM,0.00 XLM,0.00 XLM
GDH7MRX7CYXI74TRHMOMDEQGBYNZO3L3YKODVYG373UJJIHAEY5XA4L4,18.82 XLM,0.00 XLM,0.00 XLM
GCBVQQMLVMGIPKRYG5ACE5JZZYQB562NSFNKRXXKYU6WHGOCX3PCLAAZ,18.72 XLM,0.00 XLM,0.00 XLM
GAQVQFNF4S3LWKQGPIYNYAELM6OVDHDPWTQK5WDJOICR5W74HDGZIFKG,18.50 XLM,0.00 XLM,0.00 XLM
GBZWX2LGJSSUWCYOICDJFGATQNC2ZZHXQIMUUYULVXZZFTVUUKHHC6NS,18.00 XLM,0.00 XLM,0.00 XLM
GC7QAMIKZ25LA5XO3ZFUKS3VJL3EWN7TDNNHUAV6GUZK4LVM7X4KY3BH,17.95 XLM,0.00 XLM,0.00 XLM
GB2HPAIBYVHRTR6WVQ2KXFAM4CLRTNZDTJJIY5MQW3CXJDJ7V3F56L47,17.88 XLM,0.00 XLM,0.00 XLM
GAQ6M4BNMBBRTJVIZSU3SG7CCEVJNX74MK52UTLYDCAJQN6U2WGFPEYV,17.33 XLM,0.00 XLM,0.00 XLM
GBBCOJHSFAYYBMECYSRDHNHH5SMJ6TJAY6HNEAG2TIIYUACP4OZAMLLS,17.00 XLM,0.00 XLM,0.00 XLM
GAOU2GQCZLE6BTWDAY54MSYTLNJGLKFWZER7RKMY2UYZQ6QT6N76XDOE,17.00 XLM,0.00 XLM,0.00 XLM
GDQCSTUKSTU6MOMMUTFCJU6S7ARKVKRMRRCDM5YPFWCPZIICDAZ6QMVI,16.87 XLM,0.00 XLM,0.00 XLM
GDUAXY2MABPK5V5WJCFOKCE5LPSTQYVH6KATTTDACM4C5YFTSMWBFEV3,16.21 XLM,0.00 XLM,0.00 XLM
GBS4X6SUR7S6FOOQIEDHLWQ3KVACKO7YIUZ6BI4JBUOB3ALMT2LHJGPE,15.86 XLM,0.00 XLM,0.00 XLM
GDMGJCG7PRECSZLWA5E7S7XUDBNJNU6RJEUT5MJHVQUL6JFRTAXKDCYH,15.00 XLM,0.00 XLM,0.00 XLM
GDIQAR3SGCJZ5OF76B4AN5AJY7V2ZJJZC6OHSTTNQY77L3FTSKBTGU7Y,14.87 XLM,0.00 XLM,0.00 XLM
GC7VQMYKKGARQJWZOWIW4IHEF6VGECX4RFIUPRRERUU5HS3EBUKV3QVE,14.36 XLM,0.00 XLM,0.00 XLM
GBXVX2L6UGBCBHHS6L5EOMSLUZJ43U7EMEPRBO3ZE4KLDK3NZFH3EM3S,14.18 XLM,0.00 XLM,0.00 XLM
GBHKPL5KXPKHQ5UJLCDFRL5PDUNHB3DSSI25SDALHD7YD5FHJTYNQYEC,13.73 XLM,0.00 XLM,0.00 XLM
GA5M6COVHFUSVUK2ANWBPSSFNFZOVKK5YQYYRYA746RYGQUYEYGOVKZQ,13.38 XLM,0.00 XLM,0.00 XLM
GBWEHPGWS3OPCGQDB4YJKIKVEZCFTDZS522AG33D7UE3D5VEAIJ5DY7O,13.28 XLM,0.00 XLM,0.00 XLM
GD4NS3PZZM553JOMH4RPF5T4HSATUIPMYLW3ZG4VSYXBRVPA6ISYFAAY,12.67 XLM,0.00 XLM,0.00 XLM
GDJAYBNST3VUCNZR4JCFSOWHQMQRUNJZFFIKV5G4PTPO7ZTLCD7OHOTI,12.24 XLM,0.00 XLM,0.00 XLM
GBWG5FSM3HGXAJAXOEFF6LR6LJ36AFIOVGOVKSP4PEF4Q6FWHOSUEMLV,12.23 XLM,0.00 XLM,0.00 XLM
GB5WLGAE37D3CLGD2IWYHMJAM4EJPTZZ6N3MH5LG7STJ2RWELP7XJT26,12.22 XLM,0.00 XLM,0.00 XLM
GBF6KXJRORLDU4VNDYA74AO6DBVZ52FM4CVBJDBOE2DCUMCFVY6NDYHP,11.88 XLM,0.00 XLM,0.00 XLM
GCYPSM5G3GLWNNUPXMN24XRB45UZS62AARIWWIF72BDLNZVKGSZCUHC7,11.87 XLM,0.00 XLM,0.00 XLM
GDOW5GXKBQ632HOOK6FUIYXUSGEWXTUHRG6NRBZ4W2WTMRMGUHU6RCI6,11.65 XLM,0.00 XLM,0.00 XLM
GALC7I4G4ENCMT5AJHZX5OT6CQ5J6Z2CEW5AR4XKOQOGS3VAR7QJPBDT,11.48 XLM,0.00 XLM,0.00 XLM
GAJG7UGPMFRLSFHAOQVRX2SFG4YX332PKEVDEZBNTOGZ5VURWPVC4LVV,10.85 XLM,0.00 XLM,0.00 XLM
GA7Z3SN4UNMD6TWPOQMDKUWW4MBFQG66RZHNCOUCQC6BCG4KRMUQDFPX,10.60 XLM,0.00 XLM,0.00 XLM
GA6JUVAMHRHTLQJEFWUXHAPLL6B4VKPERO3TVHJRUROTWN6Y34DCMLB4,10.59 XLM,0.00 XLM,0.00 XLM
GAGSRMOD7JIRZW7GRVGHOGVTB6UXDSCLDOVA2RE3DSWUDYFNFYIH3BBY,10.49 XLM,0.00 XLM,0.00 XLM
GAZXSOQZRSMY42Q6PB2TZSZ2WRUX3CZRUZDKEHOPCT5OOLHAB7O62PPY,10.36 XLM,0.00 XLM,0.00 XLM
GCOS4AWWGLGON7JI7HLF3GPKPELPTDVIQLDPZXQ4JBXFCT2CDDYISBD5,10.33 XLM,0.00 XLM,0.00 XLM
GDM3BN7FBE6MZPNLYUMUENXZBDMIY5LCUKFCLDMKQP22AXQQWLFG6LCF,10.31 XLM,0.00 XLM,0.00 XLM
GC6I5PJGT4JTHSW4SABQ2QIQPYA73LJCGG6LZMRQWEFKFY2P6ZBEBRXT,10.24 XLM,0.00 XLM,0.00 XLM
GCSWEP2CJOQFE7TLCAOI35D6BSAOJSH6ZSLP5UWNQHTS2VRVQIDD5DKE,10.00 XLM,0.00 XLM,0.00 XLM
GCRQ4LRVFJIMAL4EWDOSGE4324CEENUPEEJLMKAJR74IEFSCIZ7UFCBX,10.00 XLM,0.00 XLM,0.00 XLM
GAV637DAUTEXYGIYKQZ2DSHHKK3D3WRNWAM7BBDFBZWPTNQN6ZGF6WXV,10.00 XLM,0.00 XLM,0.00 XLM
GDQNY4JL3V75BUDEIX7W736NVNGZT4HQFIRDKULA6HOQBY64VJ4M7AVE,10.00 XLM,0.00 XLM,0.00 XLM
GBKGOMGNT7RVOFBZVKAZA2WSDOWGCY3Q2D46B3PKYZP3PDFO72RSUQKV,10.00 XLM,0.00 XLM,0.00 XLM
GA3TM2IZ5TBZCIMGMSVCL5KHCGF6SDEDC4C2FUKWFMMQ34EU2D6FDIX7,10.00 XLM,0.00 XLM,0.00 XLM
GAWFQNX7AM2KUKXJRSQIGXYXBHKF4X6YOUFJC2PDD5NW6IHUBC6RHOWP,10.00 XLM,0.00 XLM,0.00 XLM
GDCWL5BHEDPJXCSDAHPEVKXYRQPHOIY6NBXYVOAQWLDVFUEZEWXDAUFG,10.00 XLM,0.00 XLM,0.00 XLM
GARL6CBVKAJJ4UOZHJH3IV3LOYVNFQSNJV2WCNQCK44OFIFJK45BC7IN,10.00 XLM,0.00 XLM,0.00 XLM
GDUT5TRGF4I4WLQC5D7K2SG7QBINPZTGWICVYH2HNFZDP3DD4PKGSVMW,9.71 XLM,0.00 XLM,0.00 XLM
GCQLP2R7J5UJ3GENM2O2IMT2U4OCZ5VQ2LSXPKPBLR3RK6HVZ7UUTFK5,9.50 XLM,0.00 XLM,0.00 XLM
GDEXUY7QYEEEE3TBYO5XHPQ5KP7MGRPIZPHAKBHFL2GHZXCU5UJAUJI6,9.39 XLM,0.00 XLM,0.00 XLM
GDMMYIFNKY7Y4FSY4FS7WJBFUN6CICETQTCMINEDCVSVGEWJP6MZ2HDY,9.38 XLM,0.00 XLM,0.00 XLM
GCKZCVOUYEFQHABFCUZPVSJIOW6BNCFNH6QXHKPZ3CCBHDIBAHGJP77D,9.33 XLM,0.00 XLM,0.00 XLM
GC426EHOHUPAVA2DWM5JJX6DBGIX4T4PSFRBJLIZR53VB44Q6PLQMHTA,9.33 XLM,0.00 XLM,0.00 XLM
GCIWDLIRSNQG4YL3K4GCPZEKKRO225FBB43EXWBJHGDKLT72N2QXCH2V,9.19 XLM,0.00 XLM,0.00 XLM
GAW7CPFUECGSKILAZOGE5WJI6DU7W5QTEEQNG5WHRCNS6BIJU77QQDJD,9.19 XLM,0.00 XLM,0.00 XLM
GBRCC5WVHGNGSOAZZJKFDLYTB5RSCPUUECRRBQKQZAP6S4QHHY4D4KYP,8.86 XLM,0.00 XLM,0.00 XLM
GAEOAOUKYSUKDLBVKL2WHA7GYVFPEV7M3GPBISYL2CX23GLNB7EZD4YA,8.84 XLM,0.00 XLM,0.00 XLM
GAQVT6XX7RPDM7FAS64JJIHVYN6OBNHIAYHAD23K6WISO4H5RP5IO5PJ,8.46 XLM,0.00 XLM,0.00 XLM
GABUPGY7YFPN4OSVCHDBXW6M67HK6IRTDEOVQ73Z4E7OTDPXMOEBEAUH,8.39 XLM,0.00 XLM,0.00 XLM
GAQCQXS5VGEXKQD7PHM5COGHAME5RIQVXGVRJ6HZ6SUIW7RB4UW3VUVY,8.33 XLM,0.00 XLM,0.00 XLM
GATQEFL64DOAJWWQHNDKSRJUMR7SRZTUAO5R5M27FXXR7DQZFCVZCLGN,8.32 XLM,0.00 XLM,0.00 XLM
GBI5CIASOQDAWZQ2MBOPCNEFPFDQZJEO44BSM63HFZ4P7KP333LMUF67,7.88 XLM,0.00 XLM,0.00 XLM
GD7KI4RUEJYFX4BYGB4TEUNIRJQZRLPOR7VR7LNYRQ565HD3LYQWPSW7,7.42 XLM,0.00 XLM,0.00 XLM
GA5VQHFRKMXT6LGVPW7UAZLPZ7UCWEK6XKDPDRNNSU54PIWAIXQRI5Y4,7.37 XLM,0.00 XLM,0.00 XLM
GD4ZQYQAEPMTLP2HDGGYJX37XNAETZ337MWN2LPBXPBOYEC2TGIGLVEK,7.36 XLM,0.00 XLM,0.00 XLM
GBOFEHK2VSND2ZMDYY4JN2PEZXVADP53RKAV5K6VLZUG276ZQVLJPZFK,7.12 XLM,0.00 XLM,0.00 XLM
GCN6YFU6BHTXX3FQJRLRQSQEKIILFK5LYIWOKBRL5T3ZAUXKSSQTEWG4,7.10 XLM,0.00 XLM,0.00 XLM
GACVXJR24H4OTVWSD5QJHPF7AS4OD2KCZI434YSUE2OYEM3UBAEWXYCI,7.00 XLM,0.00 XLM,0.00 XLM
GBTYAFHGNZSTE4VBWZYAGB3SRGJEPTI5I4Y22KZ4JTVAN56LESB6JZOF,7.00 XLM,0.00 XLM,0.00 XLM
GBSRWWVUUKKRIGKFL3GLS7IMQWDXKGIB5M37XW6D4S7OVG5JC3FCOFD6,6.88 XLM,0.00 XLM,0.00 XLM
GDASGH65W5SBDJR3OTLPA4RWSW3E3RL5FE7FKFJVZX7NMWJOTM6KYCCX,6.88 XLM,0.00 XLM,0.00 XLM
GBNC4GT4EDF7UZGGHE4IC26MGKXAIIRQELHQYMIKPVRBZHTH3VGVO2KB,6.51 XLM,0.00 XLM,0.00 XLM
GBUWGMYNNG3BEKJDURGOGWZTYAD2CF2TPG3P7GG5ME5JWVH27M3ZIYAN,6.00 XLM,0.00 XLM,0.00 XLM
GA4EEVFVSZLMTPC22EC4GFA7PIF6IPJXRCLTSCJKQQUTHIIL6NYRGR7D,5.89 XLM,0.00 XLM,0.00 XLM
GB7M5O3XGOY7O7W63PS6IUS6S6FSLYCBQGUQZ5IMOJWEMKI7EU3UUJQ7,5.83 XLM,0.00 XLM,0.00 XLM
GCEXUBNFXOLGA44JOYWZPKBZ6PVWLHDWBOQFUWERL7W3RJ57XOSGYUMF,5.75 XLM,0.00 XLM,0.00 XLM
GA6VJQGWPTAOD37DOHT4NI2V2CWZGDVRMWQRY2EHOFLPZCPXE5IJLQNQ,5.57 XLM,0.00 XLM,0.00 XLM
GCMWO3XGISQJVGXACC4QN6I6G6MWAM4KV6G4NWCKOG3FO6ETMLSNQEXZ,5.48 XLM,0.00 XLM,21.93 XLM
GCS2SCJFJSZ6YH4DFDJGVBQNU667GXM6Z6HASJMYANGMJWRHAN6632KP,5.34 XLM,0.00 XLM,0.00 XLM
GC7P7Q6GELO2J7JZHV4IXTK75FORKK5WPSPFTOTMMSLWFQ5NIIA6CHF7,5.23 XLM,0.00 XLM,0.00 XLM
GAL5EB6DYPFWA5TQHQHH7DHXGFMGR7BAT22FW4UWWDUPLXHEUCLVEWKW,5.00 XLM,0.00 XLM,0.00 XLM
GBXJDRK4E7YATD2QBT47QEISYX6DT3QKITD7DTY2DPV4AGKUW72VSJOA,5.00 XLM,0.00 XLM,0.00 XLM
GA3VBAEABMJFFXT6L37HIIT3OM5VCL4G5YEFWBUWZI7DFEN7PULWIFMQ,5.00 XLM,0.00 XLM,0.00 XLM
GAX6GV45LDFAJ2QVO7SQEAOEIO6GWWHOJTCGCPOV5K5NSYPMRIBWHWP4,5.00 XLM,0.00 XLM,0.00 XLM
GDZR2LWYIS6WEPN4C3VJGFG2RBQIZD7ZTNI45ZX5P4BOESID5C67B6MB,5.00 XLM,0.00 XLM,0.00 XLM
GCQL5D33WYDJREJYO5NXGS45IYTXBEUCJ56XJEXT522ZHMOEAVHIFQWR,5.00 XLM,0.00 XLM,0.00 XLM
GAGTNNYCEJV7TJR4FCBPGEKCE53NXQAWR5ZOPHT4LEYIZP2PV2SD32D3,5.00 XLM,0.00 XLM,0.00 XLM
GAL3ZPH55E3YLEBZYVIMRGMA2ZUQHO3BD3UT47YKJHEE2KVIED24STHX,5.00 XLM,0.00 XLM,0.00 XLM
GC3UBSCMBS3QTCOGHL6YUQO6EF3ZDV3EZBEJVLEVLIBJBVC5XKRZGXYP,5.00 XLM,0.00 XLM,0.00 XLM
GABIPSPPDA7XIVTMCYVWHGOFVWODUS5M4T7AYXRCXDBR2DII4SQSDR3R,5.00 XLM,0.00 XLM,0.00 XLM
GCIPEUIRYGPOAZ7QC75PHWTRDM72F4HDARPT3JP5SEH5LNVQI7PXK4JB,4.83 XLM,0.00 XLM,0.00 XLM
GBYS56BAB33KI6AFQ6JZ4REV64SPEEKAY54HW6RYVQ24AEQLAR2BICDP,4.77 XLM,0.00 XLM,0.00 XLM
GBMPHDZO2ALSQ5ZRLBRF2QWGAWL3HZSHX5IQRJPJ3JAIATOMVDR3C6F7,4.74 XLM,0.00 XLM,0.00 XLM
GDHYMGRGM3SYUDPOJE423DB2CPSLNWV32JN7GJFDLYJN5SPW5XNTYCSI,4.65 XLM,0.00 XLM,0.00 XLM
GB23Y3KA3NRZCM2CTERZO5SAZHMWGNQH7X2GIUMQFVU66KSA6PLYAGDN,4.63 XLM,0.00 XLM,0.00 XLM
GC5IHWYNTKU27PTBEBT4SM6QSTJMWD22FNWPXWKKYNVFJLXNNARG2GIE,4.49 XLM,0.00 XLM,0.00 XLM
GADRMLB7ZEQCROKNY7QWW7CMQOXR5D6PG664WFXODTGHWOPBTDRK4NXP,4.27 XLM,0.00 XLM,0.00 XLM
GCQSC3P724NLGN3D4JGHI63LCUIDCKX3FGLDDYYRIEGWYIHJJCFZCZ2C,4.21 XLM,0.00 XLM,0.00 XLM
GB3AVQH3J3YBBWQSSNGFUWHYB3SS5JNEMDV3SGOEEDSRGP6C2XSFHO4B,4.00 XLM,0.00 XLM,0.00 XLM
GC6346TGLDDEW3JED7N5XSPACXWQ3KQTKIYFRXVXOMDKHOXF2JZTKGG3,4.00 XLM,0.00 XLM,0.00 XLM
GDRT5PJSKZU4POQNBMUISI7C5V3KFYU5TDOG4ZSXVIKJU722UGE7MNQI,3.89 XLM,0.00 XLM,0.00 XLM
GADNYIONOPQTMWO4TRCIPLBEUFQROBIMEHK6XDZ7YVM5T3OSVL6T3ORC,3.82 XLM,0.00 XLM,0.00 XLM
GCERFRVM7XRDX3PPTPBMYMN6IUCD7NOL65HBE7RRNC65Q3Z4W6SX4FQV,3.82 XLM,0.00 XLM,0.00 XLM
GBSU6RJGTBEYYY3UFDJNOAI7HEEBY247N7AGLNHGJF26K7QTWMECKSFT,3.43 XLM,0.00 XLM,0.00 XLM
GBJXJFIN5W35LNHNY2QB43IUQMAYDN63HRIKFOITMFZXQ26SUTW34QVS,3.33 XLM,0.00 XLM,0.00 XLM
GDRWTADSALVIUDQCEH5DBTTJDGCDZS5JV2RSLQ3LDCLZI65U2HDEOAVU,3.30 XLM,0.00 XLM,0.00 XLM
GA7OLGVOJLKBUZA4YOAKDSQ7PDE5EKKW24IAJJWLAIS4VZSXYI4MWCVH,3.08 XLM,0.00 XLM,0.00 XLM
GACHWUIIHD5BAAZ5LJBGUMAAP3HVXDAEXXA5BUETAIP3JFCVRSR6XZRM,3.03 XLM,0.00 XLM,0.00 XLM
GDA6BLV3ET7FTC4GF5ZFGRPG6WSJ3P7LSRAJOSFLDJ467KAY56J4BU4R,3.02 XLM,0.00 XLM,0.00 XLM
GCPOVUYNTLQJBHVCRTWKW42DCEKQ3KQCHVWLMCCN5SZGXKY3NUOOP5WL,3.01 XLM,0.00 XLM,0.00 XLM
GDCIFOZU4ALJEJONK5367GTIQVQH3QUZJU6FM4AKIV6ECKVSQFZVZXGX,3.00 XLM,0.00 XLM,0.00 XLM
GCEH4PMIGSXZY6I3WSR62K2JWZJ6M7RMPVGYFBDDU27PV6KEAW4O5M6M,3.00 XLM,0.00 XLM,0.00 XLM
GB72NQMTDI72AHBOFAYCDLRPYQXLMLSXHNSC7MDFIIRSXBCRE4APHVIR,2.90 XLM,0.00 XLM,0.00 XLM
GCZE4QFPVSSVG6HCRKYP5BZ2UJOAJYZEYQTSAYUOWBWCP5FBIG5YGBN5,2.89 XLM,0.00 XLM,0.00 XLM
GBHWLPECTO7J25EFL4S5DTX35XQNMDPHFQ2VGVK7ZHL5Z33KXCG3IZD2,2.88 XLM,0.00 XLM,0.00 XLM
GBWAJ2CIYFELHKIUZ5NFVN4MSGJZE2RZKF2BKWKGGLXRGV4ENHCZ7Q6T,2.76 XLM,0.00 XLM,0.00 XLM
GCPA3QONLEBEE2KG2JR67MR2SH6736YZHAQAR5R2P263XYU42NAMV246,2.62 XLM,0.00 XLM,0.00 XLM
GCGIBHX2LRF7RMED2KSIJUI2EP3SKSICDRQMJYPZJ3UJJME6D2EGQQDM,2.58 XLM,0.00 XLM,0.00 XLM
GDXEGOF2SERJBWCBFDYXOFF7ICH4SLWKF4FPZSQD345D4ONWHV6LXK23,2.43 XLM,0.00 XLM,0.00 XLM
GA372OHDGRJL3M2GVS5IPJVELUYU4VXGQED5ZAOFCIR4QNV4HOYQBUB4,2.20 XLM,0.00 XLM,0.00 XLM
GAXRWOXW5UY65L63367IW7RWLE6YTZDAK4JVFKVAHJEKDTJTTMBHEKX6,2.18 XLM,0.00 XLM,0.00 XLM
GBN4VQQAXXANPCNXC4SVNWVJUJRVNXHKT7QAFL52AHCENUGK2I5UU3MQ,2.00 XLM,0.00 XLM,0.00 XLM
GDIVJ37UHBOCCFAV2AE36SZF2HV25X7AFWQCULOBIJUSBG6ZBTTRUQTC,2.00 XLM,0.00 XLM,14.01 XLM
GB5UMN7GICOARNVX7XX44S4JOO5URZKRX6LXVMCY47CYWU36ATIEHTSV,2.00 XLM,0.00 XLM,0.00 XLM
GCMQUQTQQQQZAHCJSPRLLR6T5FKWSYBWBCEM5VOC6WPV3Z7IGWB4ZFW2,1.89 XLM,0.00 XLM,0.00 XLM
GDJBQ6G2BPXYZESXFW3TWVCIA7IMXHHYIVDBJ6ID62ZMQB6TICH4VITF,1.88 XLM,0.00 XLM,0.00 XLM
GD3BGJQLNFOQPV3YBVIJMNCGWL4PQ2P6PLS7ZWC6ZGRQQ25LB5TN4E66,1.88 XLM,0.00 XLM,0.00 XLM
GDUOJ2XF26JMRJI4KQ3BXZDYIASED2WQI6UDXG2AGZKFG7XY27PQUTBK,1.87 XLM,0.00 XLM,0.00 XLM
GBXMCHX2YY5JKIUQ5ATNAK7LNWTFFRWAE3NZX2D62TLYU7BWYLMVXGCT,1.72 XLM,0.00 XLM,0.00 XLM
GCBM2R2PL3H5ZHQTU4PMZIJDPJFMEW64SLFRRZW2U4SGPLAOIUND4ACT,1.68 XLM,0.00 XLM,0.00 XLM
GCSF7VNGBKYJHN6ZDRI3DHN4QR5QKX5IKR6A72FVIAXUJQEU3F7KOUYO,1.65 XLM,0.00 XLM,0.00 XLM
GDMMLCQ5ECZO6HMSHV2QISK3ONH4X4VDEUWW4ULDMWVZNJNWIWVVGH4U,1.56 XLM,0.00 XLM,0.00 XLM
GBVOTMA4XJH3GDFEI45SFWQFZOE3HQBVAHGOTGH7MZWIVYIG5I2B3C6G,1.54 XLM,0.00 XLM,0.00 XLM
GBO7ZCKAGANPVPIRETHMIVQQUPIV5L5TK4JMCT7GT4BUWIDSQ6JODU3F,1.50 XLM,0.00 XLM,0.00 XLM
GDPB5P3X47T2ISUP7O4X3Q5ZGNPJ6VB4BQOH5YSXEYRLHZOXIZARQK7R,1.42 XLM,0.00 XLM,0.00 XLM
GBO3M53FGSOMO76INDDJLXDIKXZGMVHJTEIRBM3JWGFKSJUYO2ZINFMK,1.38 XLM,0.00 XLM,0.00 XLM
GBJ3T5QJZTNG7AUMMY5ZALEJGIDVEMJQGN4IO3XARU6JWQLJTVK5FL3S,1.32 XLM,0.00 XLM,0.00 XLM
GCFKL3GXDDOZOAPQYHE2WE2I6EZZMCSRB45P4NSROXH7EZBD63RHCXNX,1.28 XLM,0.00 XLM,0.00 XLM
GBC744IYZSEOWEIZME6RX3HRNT7L5NAO56D74BKJWAGIG5NW3RJ2HAEE,1.24 XLM,0.00 XLM,0.00 XLM
GASW3OLIWQBDY7KQZYOA3TD5VJ2VJMKLLDHMG5XTLYG3PNTORLTS5EA3,1.11 XLM,0.00 XLM,0.00 XLM
GDWVIBZJQ2QXAW4U65AJF2JJTV4UQW7ULGLSPTXNROYFNRNN7SRIHZTX,1.00 XLM,0.00 XLM,0.00 XLM
GACP3Z6C52FEYJXJVZ6GWIVJZHBRAEIWL2QEHWLVLDF4LTFD6SQLCURN,1.00 XLM,0.00 XLM,0.00 XLM
GAYHEOFN2IHMVUHDQP26VHPG7Q3N4FEZFE7Y6YNW7V57V3FU3K2PZXAV,1.00 XLM,0.00 XLM,0.00 XLM
GBP4FWSVQHXSHRM3CQCQJNY6YAJVNLMRZS5IJOVOB2UUF4EI27EHKRLR,1.00 XLM,0.00 XLM,0.00 XLM
GDDVWZQIFSSZYXVYSHPJS4OCMCTAV524JXRQZRRK6GHQIPRII532H2Q4,1.00 XLM,0.00 XLM,0.00 XLM
GCK4OMB7SSWT44VJNVOQPDQA3DSEIGTEBUUH6DNQFWWAQODXNZMA7O2J,1.00 XLM,0.00 XLM,0.00 XLM
GBOMDHO2SCHUGZD5ZNMOYB5JYCXGH7Y4AJOGJQK4KR5LBZ64RBDGKFDP,1.00 XLM,0.00 XLM,0.00 XLM
GDZK4JBS567MWKLC7O3BIHDP4B2V2RPRBWDU2KML4CPVNIO3W3YXNOOT,1.00 XLM,0.00 XLM,0.00 XLM
GA75U6D2N2UPG66HWE5FHXOK7TIARPBZBAZV4XECM4IYEVX5O6OWJ32M,1.00 XLM,0.00 XLM,0.00 XLM
GCYKFMG3ECHMWEL3ZCIGA52J6LQYZHOGKUV4ZQXAZPFB5VON6GR6RVIB,0.99 XLM,0.00 XLM,0.00 XLM
GCEF3EBAFBM6SQCYLEEB6ROJCXEVIRSAQ3CRFT62GXJDTWV7IGAPRMSQ,0.98 XLM,0.00 XLM,0.00 XLM
GDNQROB6TXSCR7LERYHQKNBZTI5ZEDEA2SUWNLRI65OHFGL5Y4KC33AO,0.96 XLM,0.00 XLM,0.00 XLM
GA5VPWD5TKFNJMLUG2O7JHVHINS2A4DWBIAUHD5GARHRMVE2LNBXYTHG,0.96 XLM,0.00 XLM,0.00 XLM
GBN4S6AVUJDMQ4WGYG7HOG556OEFKDPGCBH7E755QBP3ZFJM45D7W4MI,0.91 XLM,0.00 XLM,0.00 XLM
GAU3LUKLJPZ3PQRVEX5NQ4HF5653TDJCPVL3IGRDGQPHGGLOOPVN7BFM,0.91 XLM,0.00 XLM,0.00 XLM
GDAO6QSLWMG3R6Y3ALHNSGLQOT7MRDZF57HAIDH662AFMT6Z3CDYVAO4,0.90 XLM,0.00 XLM,0.00 XLM
GCVJX2E3DE26IW55LYJ3QZ4RVHUMFGHCGBXBVOVE3KK6D4QJLXOK727I,0.88 XLM,0.00 XLM,0.00 XLM
GDRGCETTC3Q62WP66COZU4SBHK3NHIXK7GI57UNZBG2YVQ5JJ5QJOQCU,0.88 XLM,0.00 XLM,0.00 XLM
GAN2JK4IUKVYHG75LDX7QPN2B2CIQHUAAJHR5UIEQCYCLC4GFXBEUBLZ,0.88 XLM,0.00 XLM,0.00 XLM
GBM2JAUDWXQWVTFBI4NMKFAJLWPTD3HUXLAKORCDN3TPRY35OMO7X5IK,0.87 XLM,0.00 XLM,0.00 XLM
GB6VTLUP7NNAKOYVQNFPRVLQAGSV6A26EEZINR4PVCBFZ4O5QV2YVXGA,0.87 XLM,0.00 XLM,0.00 XLM
GAIHHZ7DCEIFEPLGL5SGAM6W5A6JQBYPUTS4QKAWIRDVAQTGKR4HJVBS,0.87 XLM,0.00 XLM,0.00 XLM
GCIXTGLIUHZXTNHEEP55UODFUND642KHTY3YYMZZAJ6O2EKAFIREHBQA,0.87 XLM,0.00 XLM,0.00 XLM
GAVXFVXYQGCJFT5IHKMUB3AJNTG3ICHWIX7O4MYGLVN44QEYSJGW753L,0.87 XLM,0.00 XLM,0.00 XLM
GCM5UNMZNSAMQVQ2SAZBFMCPGC4Z6ST3MVJRSRZY2MC5R2QPBN75OKZK,0.87 XLM,0.00 XLM,0.00 XLM
GCZG5PDXCUJRIAR5HQO5PFZBJ7DFWAWDXSDEFJA77GKZYWU5KNYTY4PK,0.87 XLM,0.00 XLM,0.00 XLM
GACE3VJN6RFWOMUPNRRI52GQZ3JFBXIJNS6YEPFEDKCBBB5MP47E4Z43,0.87 XLM,0.00 XLM,0.00 XLM
GANBC223TXDKZOZWKNJ5UHPCO227X2SPRMW5NEYFVEWOUZSNJFZHHTR4,0.87 XLM,0.00 XLM,0.00 XLM
GBP2ZHXQV6JMFD2W46T6TRNDNSYPFYLGJ6XH2T5LL7PD24LCNBLDQFXR,0.87 XLM,0.00 XLM,0.00 XLM
GASU4VBRNLLEVX6XBZ3I7ZPQ4YCK5AKWOPVEGGTGI3XGTL5MONOUCV5L,0.87 XLM,0.00 XLM,0.00 XLM
GC4IJSRJZHNERJIMZFNR34ZN4W6RBCCQTHFF6WPRXSSW4E77NERGPNZW,0.86 XLM,0.00 XLM,0.00 XLM
GDGM7NGIZM7SXX27RJMVDQDD3PVO2BHOHKVWB2Q6Y2Z4BEMG4BRPLYOS,0.86 XLM,0.00 XLM,0.00 XLM
GBRZB6BAGPFGKHQ7EFHGE5RUOMDMCXNRSGGPAPI3UTJPHULUOWIPIQNH,0.85 XLM,0.00 XLM,0.00 XLM
GDK2227EN6OAC2BZ274FSMVL3Y46CNNLJGJDI3L53LZLTZMG34ENT4UE,0.85 XLM,0.00 XLM,0.00 XLM
GDVQTB4LDWLWHN2MX2BTCJ5CM22GZMR356DN5D4WU7BS25H2VJMAOEXL,0.85 XLM,0.00 XLM,0.00 XLM
GAOJ5SKLYJ5HPL5SXWFNCOV555YTMW26CV2NXONBHGSCSEZYXCBARJWJ,0.85 XLM,0.00 XLM,0.00 XLM
GDY7ZXLTJANUAQEH6AZFJUQKVVXVGGTQF45WSQRMO7F5FO4AV7EUAY7X,0.85 XLM,0.00 XLM,0.00 XLM
GDB43KM5NLHUXX32IUAXNFIDXUD5Y7D6QXG7GSXJFE54ZXXY2TJV6GZV,0.85 XLM,0.00 XLM,0.00 XLM
GBPFXRGMJGPON4LRNFTIJIDVLTURWYSCVHTNZ6MFRPQI6QJRM55PH5E6,0.85 XLM,0.00 XLM,0.00 XLM
GBG55TSGTQUNPUA6657GO2336ELUMPKXYZHJ7C4MKS4TAE7BBI5QPXWK,0.85 XLM,0.00 XLM,0.00 XLM
GDWZPOLX6ISAJVP3D7Z4L3OYVPL4OM6LBHAUUFWC3P7MEIALPHW5WLSR,0.85 XLM,0.00 XLM,0.00 XLM
GDBTF7NDACTBFECDZOY5DKVBZLQJMZEC2UWKISD5P57LO7JXCV66F6KP,0.85 XLM,0.00 XLM,0.00 XLM
GBCEUI747JXCPTBDB3IRQRVDWQI4HLBUGJCMOSJS664CY3IURCN3QPGI,0.85 XLM,0.00 XLM,0.00 XLM
GCBMEZVBS2IKJAHXKXEPYQYP75NYFTNAZWOYK332OUO47AMEPSXBPAZS,0.85 XLM,0.00 XLM,0.00 XLM
GDPTLI7F7JRFS56JE64VN5JMSIDX54BR6Y76LHE6FOPYWBB43CIW2HAY,0.85 XLM,0.00 XLM,0.00 XLM
GDG6L5ZI45AWGFGXRNDTMLMH6NZBLBAMMIN44T3NKEBTC6LQUMMLH3PM,0.83 XLM,0.00 XLM,0.00 XLM
GCBBLXP55TTJNATLWI5G6DBKLNMWNHHYUJX4EBGPJKNSB5DJBSJ6J6YM,0.81 XLM,0.00 XLM,0.00 XLM
GCU7SJW42RVRSDZ63KM5KGDBXRLSL74KXVG6PS2VPJBTUYR6EY2CJHGQ,0.78 XLM,0.00 XLM,0.00 XLM
GC66ZBAHC5MA6K3PFCQ6WEVXJTXHOQJYRYUD75PEMP3KXAWJU5FMHYCN,0.74 XLM,0.00 XLM,0.00 XLM
GBPACC3UPYOSUI2J4FQPJLOFRFI6ETKTBWSWJ6RCVESY7X6RGUZP4VH2,0.71 XLM,0.00 XLM,0.00 XLM
GBX57LPEDN2B7TN6SW2HU36VQNVTV6IV3VXNXFJABM2NJWWZS77T67ZF,0.70 XLM,0.00 XLM,0.00 XLM
GCBQNNQLXJUZJ2BA6RQ45HGZRWDTEPXRO52LADW2GD6F6HJ2RFHX4GUY,0.70 XLM,0.00 XLM,0.00 XLM
GAY4HGC4G4PVVPU4SEIQJYT6NYN56LX63QD6FT2ADSQZ24CMT63S6GSU,0.70 XLM,0.00 XLM,0.00 XLM
GC3IBY6T7ZXFM4LCSWKFTU3ARNUTSWFSPN2YMNVGYKXCJYZU4V3LIJAS,0.68 XLM,0.00 XLM,0.00 XLM
GAGLTIA7OLOCAY5PCHPA2BHBSUY54NLJSSJR347TKQ34UYWTHG7WWMNC,0.67 XLM,0.00 XLM,0.00 XLM
GCRNS6ZZ5PHSX5OS7H4JE3A4DHIVSGINBFBWT6XPQ4ZU2PMYDCQUBTMU,0.67 XLM,0.00 XLM,0.00 XLM
GBFVK6UFOM6P7Y7JYNAL6PDGMFOOOEBSCWU7MD6BSNJGAD7PF3KFYQIY,0.63 XLM,0.00 XLM,0.00 XLM
GDFTEU56SOAS7S6TGID2VFSH7EW4UGTAHDDFAXIQ5HKC3Q4VIA4VKUUN,0.62 XLM,0.00 XLM,0.00 XLM
GBN2Q4IMAJG25W32ITJBLSKCJOH7U5PJZFOHXM6B4WWPJK2WO2WCVST6,0.62 XLM,0.00 XLM,0.00 XLM
GAR2BESVWYFNEGKBWTLRD4OJJ4NAIVB3ZPKPFP6J7U42I7QYBALKVJWE,0.55 XLM,0.00 XLM,0.00 XLM
GAZHA74LBR4QN3SOYCYRBTFVIOFDA7F5V2W4BKQFDXNDVQ5RA6OZOJBD,0.52 XLM,0.00 XLM,0.00 XLM
GD2DMUBJDEH2USX5ND37PFG4LUPFTYRPGMKP2XRKCM2VHCJJ3M4ZZEZT,0.51 XLM,0.00 XLM,0.00 XLM
GAOE62M67YXHEAIGRHSHNGNPK4NQVPNV2DFOG2MPW7ZTX6SBQZ5YZX2L,0.50 XLM,0.00 XLM,0.00 XLM
GB2A7Z4FTJAZOLLQU2TWKSFTQIMFESU25WE3B5ELAIVBICB22D4TVOYY,0.50 XLM,0.00 XLM,0.00 XLM
GDMZGW4QEI3RZWS4OKGXACA3GMLULS7ZRMWPWNFTEWVDFPK3IKOV6N5P,0.44 XLM,0.00 XLM,0.00 XLM
GCTDCJKTWMKLJD3GNKAYBX5CDE7BOJZZV4FEFONDOONXGGC2LUC232I3,0.43 XLM,0.00 XLM,0.00 XLM
GBE2F6FNBIY23LMGXXLMIWKM2EQ4GFDIQJ22BVDG4NQUE7634VMM6YFU,0.42 XLM,0.00 XLM,0.00 XLM
GCBA2XQX4BOB6B4XJB737C64L5FWJY72HJVWBBAEJXETHJMJ6RJQL3GS,0.41 XLM,0.00 XLM,0.00 XLM
GALWBFBAMYDPXAZ7K73L2IQPBXTDP2XHJJO6HFVOROPEFCLCWBMHDESY,0.41 XLM,0.00 XLM,0.00 XLM
GARA7YVCDOVBCRR3BA3AMGNC7KLY44KZEENL3Z24UOGMTZ4JQYJBPCCG,0.38 XLM,0.00 XLM,0.00 XLM
GCKEVX7SI77N2OGMX6YMHCLZYVOSX25IVKL7KOZLLP7G57LIOTIZA5YQ,0.38 XLM,0.00 XLM,0.00 XLM
GAIGV76ZHVPCIINVM6VVC2W2EW4RO5XLB3UVSXQKQDSWFBY5X43ZI2J3,0.38 XLM,0.00 XLM,0.00 XLM
GAGFSKUL3KWG44J22ODL72FZRZBFADQ5LPQQWTXKT2VR4DJEBDSLFEYH,0.34 XLM,0.00 XLM,0.00 XLM
GAPWAY6VNMA4ZDWA2HXMEAL24RRF5F7VSVTJSDBYVKYYMEOIW3XDJXZC,0.33 XLM,0.00 XLM,0.00 XLM
GAUIZWBD67WX467YOSARLZU7GRFAQSA2EYVDPV7G5RML2NHTGECCQJP2,0.33 XLM,0.00 XLM,0.00 XLM
GB73ZLA73LRNDLNAXYZN4RLKNX3UCQDVCLEEZRNMO6SASRFIOTM7GJR3,0.33 XLM,0.00 XLM,0.00 XLM
GBG2OSFRDQVNO4NGDG5MSJ4QNTWYBSDDF3OSQ2OYKKSK7452TN4ZZ52M,0.33 XLM,0.00 XLM,0.00 XLM
GAIGJZDLOFQQ2TB3LKZJYJAVXKVZ2TUV5POCZNPUIPCRCWTGUSXOBS3F,0.33 XLM,0.00 XLM,0.00 XLM
GC6HXW3TXH7FUI7URCJK7IBQXJTFBOU372C2PUIIOSDGAIISQUXRO2KY,0.32 XLM,0.00 XLM,0.00 XLM
GBJYPZ7Z6XPREA5DZHP2DQUCTVSZFQIYEXEEQR6RIK4GZ2UCQVD74SOI,0.28 XLM,0.00 XLM,0.00 XLM
GCLGLVOHG3RMLBST47CNVG6EDBHWH5HZO7TWEPQ5LN4NAHKVTVOEXO4C,0.27 XLM,0.00 XLM,0.00 XLM
GDJIBJUEYVYFHR3FYVERTE7OCWXTKHQK2R2DUCJQ77UMFBIBUIAEBJVZ,0.27 XLM,0.00 XLM,0.00 XLM
GCOTPSLVF2LFJCHHWUHOMNKTMUGMY3SDAOXQERVUJ3MFMDEZNIR7AKSK,0.26 XLM,0.00 XLM,0.00 XLM
GAMHJUO7WVFBQLKWKIFA6Q5KQDNTVFJHJ7FWSCL2NRWAGHSW7ONSCVPY,0.24 XLM,0.00 XLM,0.00 XLM
GBOHXB5DB33LCRYDYBQ763UL65X3VVM5RNKVU3VOAECTVBWDLC3H2BLZ,0.21 XLM,0.00 XLM,0.00 XLM
GCHR626IZS4CL3Q36W6MDPPBCVXUB4RB6I4SVS444B3L4YUTQ5HFJQPV,0.21 XLM,0.00 XLM,0.00 XLM
GD6SOJVFHH2NHB3SM7Z5QR3LHZPSFY3ACJLXLXPBXUJDNA5OYHOW72PT,0.21 XLM,0.00 XLM,0.00 XLM
GAQLDXYDKDAC7DVSHSYLCT5LC3XWV6SUQLAKNASDXD3U44EBMYA2ORWN,0.20 XLM,0.00 XLM,0.00 XLM
GAAMXNQMPTW4DPKEBNIZ2MJ4KN46KZAXYZFQP5JO32354AQF7WCIRNFJ,0.00 XLM,0.20 XLM,0.00 XLM
GA5BSRLGKH2EFVOEFVX2BE5IUP7E3QVNJYKNLFLIVG2YCXIZ7CJNRIIJ,0.19 XLM,0.00 XLM,0.00 XLM
GAGLLEV7M5FXADFOHLXOVGCZR4QTHOQU76MZG2AU4NC4B664XIW6LEWJ,0.19 XLM,0.00 XLM,0.00 XLM
GBTGQXNIIG2DFITFKCN7H6VWQHB5HYEFQ4Y2O4PZM72EPTY326V7SOWH,0.18 XLM,0.00 XLM,0.00 XLM
GAEFFGRP2B2AJUEUIZYDEIIY5OCBQOUMGR445MMGNKKB7NE7YC3YAGOV,0.18 XLM,0.00 XLM,0.00 XLM
GBWG6FRY22HHGUCVZIUJYZIIONB242JKHBXLTBSPAH57QGXU7Z5BS6AX,0.18 XLM,0.00 XLM,0.00 XLM
GAZDZXUXUQWMOJZ5HH5QYYG57DJIVQGIRU75OG6DN65WRIL4UW5CGMMV,0.18 XLM,0.00 XLM,0.00 XLM
GALAL43VUCSLUUNMUB2SRKNCDZPRNE4ZNR5R56XXPDFTYL7SAVGGZVFT,0.18 XLM,0.00 XLM,0.00 XLM
GBNJSHWX5EYXGKKCIXCGNJV4QBJP7JWCU4TYDBDPR57HPSPA544FFVNZ,0.18 XLM,0.00 XLM,0.00 XLM
GAZ2HGLBDDV2TYN3WJWAXEOUD74ZUBYQF6OX72WYPOBODJIRW54FFLFI,0.18 XLM,0.00 XLM,0.00 XLM
GAPHNXS7DVR6WKHXIYHWZCKRB7TYL5LR2Z4UABKVV53H7WA7KJFMZOWI,0.18 XLM,0.00 XLM,0.00 XLM
GCW4H5B3ZZZKLSHBTCIUUMGFAEIQTKAEWAIH2ZQ6MRCRQO7KJT4AO5IT,0.18 XLM,0.00 XLM,0.00 XLM
GB2CRDOJTLYD5FDKAZ4YO6FV2NOIGYGG5TZBY6W6S2QV5DBGF7OE3IMG,0.18 XLM,0.00 XLM,0.00 XLM
GAUU2MIQURMDUQZVDV6NVG5P3EXOWHEASM7QHWSB462M2FJDNSXGPRE6,0.18 XLM,0.00 XLM,0.00 XLM
GA32XZ7XJ4TOCUH52PADFVZ7MYFUWHTTQ5PAMZXVAELTDZXZN5HDKMSF,0.18 XLM,0.00 XLM,0.00 XLM
GCJCTHJ4MFAMJY4XMDPRR7R6NM2WAAN46CYADF2352U57DUV6UZ2BRBT,0.18 XLM,0.00 XLM,0.00 XLM
GCYZBQZWP74JLCL3N5Q2JPLK724NVP7XLCIZS7YQDXTX3OPMTO5JDM54,0.18 XLM,0.00 XLM,0.00 XLM
GDYRWBEMPYLZSTHHIMMRGAVD7GRPMESSBLZYBGCUFW2ZT6AGWUAXI4Q2,0.18 XLM,0.00 XLM,0.00 XLM
GC3SW227LH644OLG7KIJ24FWFQJUIRBWGK73GGEWSOTXFK24M2KQTJLW,0.18 XLM,0.00 XLM,0.00 XLM
GBZHHKWYCYT5CFLDNFQKZZNZXAVZZ5VRFEYXIUBEDWFW3MEPXZW76WTT,0.18 XLM,0.00 XLM,0.00 XLM
GCZHBAQS6HWMVUSVYEKHDUCUCVAKCUPFXYPAWYJPH3ZV34PRMJEX65AQ,0.18 XLM,0.00 XLM,0.00 XLM
GAGG23NUG5RU3X54HIFQNBDT3CAGNKZRKUFKLBU6OCFTC3TKEIARPWVI,0.18 XLM,0.00 XLM,0.00 XLM
GB3HNSIQYPIUSL3RHOQFRDZV5WPR6XT5TFCEA2Z43QK42ZMF7BYBIGPU,0.18 XLM,0.00 XLM,0.00 XLM
GCRMXGJLV6LFZQTKGIU37H7IDBE26XKNASGXVG73JVG7KD7GWOTGTQO2,0.18 XLM,0.00 XLM,0.00 XLM
GD2YOWRARZ2R3R5EYVDXTOUCQCKOQIQ742PGID6KTRFW227YS5YPV7ME,0.18 XLM,0.00 XLM,0.00 XLM
GAD7K44HZR2CJMRFVMMDMYDWEF4IXU343BMUSTEQRCI7O5D3AC5TMBQV,0.18 XLM,0.00 XLM,0.00 XLM
GAAUWY66HPSKD6SYZP6FYHVY6XU2FCPOX77UYYF37VDHNL7XFWJ4LJUZ,0.18 XLM,0.00 XLM,0.00 XLM
GACW6FPG7WHFQKWL66MHR6BQ4WMAJDJDC25KLX2ZN6ROTK3IHB56A7DN,0.18 XLM,0.00 XLM,0.00 XLM
GDPVK2IMK7VWTSXTTQFHT3XPFMNKJLDLB6NBJMUSUL7U3E6PPHHE7SSI,0.18 XLM,0.00 XLM,0.00 XLM
GCQBEL4VF42WE3WVYHRLCU6UDIDS7FMPD25T4DVTR6IEDT7WYFLB362N,0.18 XLM,0.00 XLM,0.00 XLM
GDOBCDCYPMA2Z3H5B627YQJFTWWO3LMELREYXMWRIQX7TLXYWYBWW3HK,0.18 XLM,0.00 XLM,0.00 XLM
GCLU4EO56AO7TELIJOM5AUMJDBK4RFPZHXTMVQA23JG5FI5EFMRIYCJ6,0.18 XLM,0.00 XLM,0.00 XLM
GCCXY4C4WSZQIEKFWB4O3J6M6CFEJL4CQAZPF4FYY5PQ4WOF4UI7D367,0.18 XLM,0.00 XLM,0.00 XLM
GABTMJFCVAF7ZO2BBEGYV6AARQGGD5RHNLLVSWBYBZDTW3W4Z2KHRWBV,0.18 XLM,0.00 XLM,0.00 XLM
GC6FVGFUS7SJEHGXRAEJVCQWUXAJVQ37QHY4BDOAAOE6HQEUOOTOQURU,0.18 XLM,0.00 XLM,0.00 XLM
GDPXYH36KFXKJ3UMHGR2MIYXBQVPQW42IVMEZ5F45TOVJSDIU27WPVSS,0.18 XLM,0.00 XLM,0.00 XLM
GBJA2ZP42NWSHKRTFDWLDNYPD26OYBKNC6YJVC6XTU2GEIXV2Y3XOLD2,0.18 XLM,0.00 XLM,0.00 XLM
GCK5CLNJEIQOT6ZFNP4GV46I3RWMFAGXYWLVIBRK3U4OCXINRJOF62VW,0.18 XLM,0.00 XLM,0.00 XLM
GBEEICC7UQCJA2322RO2CRFJRVDZ4L3AXWXVULFF43OME4LSA5OX6M7H,0.18 XLM,0.00 XLM,0.00 XLM
GC4GEABAKJHJVBUHH5SHWUWEYN2ILCL3F3BBQSFFPCCNW7SW27IP4BNP,0.18 XLM,0.00 XLM,0.00 XLM
GD3HAPDLIXI55ASKRVCOUAD4DKTNUT42XF4C23PYDE6DDVBL3YUW472R,0.18 XLM,0.00 XLM,0.00 XLM
GB5VCMRODBNFZC6Y5CY3BTT3XMFCYIYVA5V6SQT6AQKFCFDPORYXFNMY,0.18 XLM,0.00 XLM,0.00 XLM
GA3QR2D6YDWI25HQRTHX53BMSS4DYPBK3MEFSRGDX7TJ33JZUPEHIP5B,0.18 XLM,0.00 XLM,0.00 XLM
GAUC7PDWZ5572HKIJBUTBEYJA5Y7GLZ3N2MZ4HMQ25WOHXJDQBPYSL7T,0.18 XLM,0.00 XLM,0.00 XLM
GCGVDDILYOGNQSPJULV2YZH4OMEQ75YMEVVFERTI6JKHPUMQUA46XTX4,0.18 XLM,0.00 XLM,0.00 XLM
GCFP2QJUYNVFD3PGAHGGEOCF2CIYLYHMYFU62TKQLI45G7YWY66RZNDF,0.18 XLM,0.00 XLM,0.00 XLM
GAB73JIMIKCSA2XMDZD6QICBECGXMEFORMUNYD7HPW6KGDWEM3PYIA7H,0.18 XLM,0.00 XLM,0.00 XLM
GDYYOOZS2BLUMZFYWT5NJBOWTRJUWGDTDMZX2XELCE62XFEHCQTH2AAA,0.18 XLM,0.00 XLM,0.00 XLM
GBUXFCKBHOPUOKOKT4U4BMZSAYEMFO2ZO6AA3NSWFXQI7AZIYFRUUOJZ,0.18 XLM,0.00 XLM,0.00 XLM
GDDBDQWXKPNYC54IETH4ETB7EI43DQFC5UC3BPGD33PTL4UGDVS3GI5W,0.18 XLM,0.00 XLM,0.00 XLM
GDC3CYS5FUIYZGVSSPIJLBF3VYJ6RQ33DWRFVWGGDJGASPHAZWMCDRCG,0.18 XLM,0.00 XLM,0.00 XLM
GC7PACMZR4ZAPHFQTVX43GJ4TRVI5VW6EDGJT3D5T7ODSDAV5SBVLBYV,0.18 XLM,0.00 XLM,0.00 XLM
GBJCFTIPDBVKKHLO7CLD7QQSLH4CF2SMT5E45UD2CXHJPZIYSWQDGVIY,0.18 XLM,0.00 XLM,0.00 XLM
GCV4NRILHFFW6ABEXRGBXX2USLQF4BPHMXMF5FRZPCQ72R442NJKYT5O,0.18 XLM,0.00 XLM,0.00 XLM
GBQKGLLOQ6UTMSN24ZQ345EDXWMQEAJLTLSNMO6R22HXXRVO2GB55XHD,0.18 XLM,0.00 XLM,0.00 XLM
GC72AHNASEJMBKBTA36GDXAEIW7GVL3HIYCYHULVQEXZJFDACJNKLQWT,0.18 XLM,0.00 XLM,0.00 XLM
GBAYAX5JJ7LRIZO46TAIJHE7U2ZOAZ5ECJOS5MPSTEBJ6CF3CD6F3UI2,0.18 XLM,0.00 XLM,0.00 XLM
GBGZPBBJK36SFJV7T32VZC3SY4X4ID472MCGRMNXBOEOM4OXS3ZEYFEG,0.18 XLM,0.00 XLM,0.00 XLM
GDZT3LFGFDJIYP73GX22CFMGKV6JTFR5GVY6JPW3B2T5MWXFAGVR67ZC,0.18 XLM,0.00 XLM,0.00 XLM
GCCDTDAXDDKVM76OM67O5CDUNOL4DH4ERIJXM33VH446YLUOCVMOFCKN,0.18 XLM,0.00 XLM,0.00 XLM
GAZ2PN4GYK6UTFUKPRG77DWSZMPL32MH7MXWBKGJPLF25FFN3YLCB5F4,0.18 XLM,0.00 XLM,0.00 XLM
GBK6WCGIKODOWI2UO4HCPL5RKKSCDKGDSEIMQDX4A2RP4VM2EG6YTQ77,0.18 XLM,0.00 XLM,0.00 XLM
GBE46DS5VRENYAAWNMHTZR4JWWGRHWH6GLUHBOGNYVKTHF4IS5QAF65M,0.18 XLM,0.00 XLM,0.00 XLM
GCJW6MLUPIU5FAD2XJSX5K4YKIPDH4OGHKT5BJSXH3A2TBEMGHKMHAIZ,0.18 XLM,0.00 XLM,0.00 XLM
GCFKUI4JU4ACVW7TXJTJESO5YIFDFP55X4ORWZR4QIDRGVMXZVGITFST,0.18 XLM,0.00 XLM,0.00 XLM
GBE6QJUHXDNTZOMBPZXPUPSYPGTUK3HRLQZ5V6MZBPSOO2CNO4SGHCCD,0.18 XLM,0.00 XLM,0.00 XLM
GBNY776I5NSC3NKFIMHXAG63KSR6ILLJWUNW74DCXWC4P7MJASMWNCUD,0.18 XLM,0.00 XLM,0.00 XLM
GCLPE4JARO3ZFFNAHVBFGS6VCZFLILHHPV5XQIFS4KSMCAXTKST57B7M,0.18 XLM,0.00 XLM,0.00 XLM
GC5TAQ4RKINNX72OEJPBNJQCK7SCERSHD2FVJKPL6JXATBQDFOPX57LA,0.18 XLM,0.00 XLM,0.00 XLM
GCGNGJ76RZJUXVRWHNIFTIVIBG733MQK2B5JZPXX3TXW4J5OYIZEEHVI,0.18 XLM,0.00 XLM,0.00 XLM
GARZJDQHSMOZMVOYJYXY2HFDVOTGO3A4MINQLSXKPG4FZUK56N7T45HH,0.18 XLM,0.00 XLM,0.00 XLM
GCDI2WA23SOTRMO6E25MRNEOULRBMR3BDTA7RQTUOL5FXEBWOJZWE36B,0.18 XLM,0.00 XLM,0.00 XLM
GBPNF7IQ2QNQTEYYL4ZOYGVZV3U5D3IYIWY4ZE5MNH4MTLODE6CWE4ZR,0.18 XLM,0.00 XLM,0.00 XLM
GC5TLKXCTSY6ESLHCGW4WDNZFAOIQ3UBW4UHBXP3HTBB2XOZZJKLHTCD,0.18 XLM,0.00 XLM,0.00 XLM
GARPOZKPLTBCA7KMZFYWKGZ54E5SWIUA6Z3ZV4WNGEQ2NLKOU63YBO4T,0.18 XLM,0.00 XLM,0.00 XLM
GAPQHKQ2NP27C7P5P25JW6TRVTFEOS4SMUTLT33Y7YBUQLS5QEG22TJ2,0.18 XLM,0.00 XLM,0.00 XLM
GAWAFRQL72QGPMBNCAYXFIJTUO25QSEBJ2YEOH7X7N3WLQWRYKWCJYLA,0.17 XLM,0.00 XLM,0.00 XLM
GCL5KYBJ3KU7ULAIWJ5FFFOGO6DZPL332C4Q64HC4TP7J4YMOL7GMS3T,0.17 XLM,0.00 XLM,0.00 XLM
GDHV6WWKAQ7M7XYOL3FW4L46TGBYTNFOVH7K2UHH3GNFDDEVTSPU4R4K,0.16 XLM,0.00 XLM,0.00 XLM
GD67Y4ASDESAN3WIBM6US2PXUGUKA6TIQNPYSJSWYG4YBE2IEN66NDJ7,0.16 XLM,0.00 XLM,0.00 XLM
GBYB6OXH6BJ4QTURTR7UDCDZR737SZVJKOTYKPQ4SWA2RBZHWQTE2ZTK,0.15 XLM,0.00 XLM,0.00 XLM
GCREP6GGHNZZUJ5LLFBJKA2ZJFVRQH5IIKOAKWMJFRNDIYMHCLHS7V56,0.14 XLM,0.00 XLM,0.00 XLM
GAHRA7EXME5VJVQD5JRHEGSQAPS4HSY7UG2LUJ5MJNNZIJCXHC2U62KD,0.14 XLM,0.00 XLM,0.00 XLM
GA4DN6VDMDWGLOV4AYICMJESQZCAFYLSRD3R6M3U5PPU64YGXYY7FMS7,0.14 XLM,0.00 XLM,0.00 XLM
GCZRM34GNK7A55MLLYSFQKSQIFHNWM6WXO4SLNBCY625TE76LZTBOWTI,0.13 XLM,0.00 XLM,0.00 XLM
GAY3HQVMCQ27YM4MHKDKNY6C7SRHGFGQ6AAA4F4GIOMCCVXCSW3LLFZP,0.13 XLM,0.00 XLM,0.00 XLM
GCVJUTJLWTVB3JKZ65FHDVMYVXUGM5BB6PBWHH6UNLKQDDPP3TVW5SWT,0.13 XLM,0.00 XLM,0.00 XLM
GABAVVZSRHGIBO2BJUTFTM36KKOBOMLCJKBEVTWSC3TL2KXOFE2GRI33,0.13 XLM,0.00 XLM,0.00 XLM
GCGOYTGHAUXCWOGWCTTPQLNJTYYM52NWLPT2GXJY6IDEUOBVS7553UXC,0.13 XLM,0.00 XLM,0.00 XLM
GDSQR2RAFX4I2PJD4OSEJPW7ZEH2BO5V7RKDS6NFRZ7FE3E67O5UDTBE,0.13 XLM,0.00 XLM,0.00 XLM
GDCTW6H5JHPSSPMF6IV5B2BBIPRV65COZHSFXKGIJG2ULBSNB33JTEE5,0.13 XLM,0.00 XLM,0.00 XLM
GC3MKOAGIRQYU64KLYLTC5JUBHVE3WCHSY2AXLIDVUFCJ7TKFUFXYY5W,0.13 XLM,0.00 XLM,0.00 XLM
GDM6YZYDCJF4O33ZA6GXJGXHM6UUYSXTLH3EE2B7GSLBTU3WKS5X7BWQ,0.13 XLM,0.00 XLM,0.00 XLM
GAZCGP57KISRWJOCSICB6N47Z4ZL6BYTXJPSZ3JMYKINJOWLC2V2EUYA,0.13 XLM,0.00 XLM,0.00 XLM
GAVZS4ICQ5BEUADWREMH3RPCII7MBEM26MD2SE5EZBNOGO6NXIYINVVX,0.13 XLM,0.00 XLM,0.00 XLM
GA3GCIVPDDKC6VY57LTTHJO2ZREWFWKMKA7BA6SXXSUPHZPL7VN5DLLX,0.13 XLM,0.00 XLM,0.00 XLM
GAJWER3VAB4FBH7H2IVYMG23Z4SXVKYPZB63YZTFQWJLY62ABZGGDVPH,0.13 XLM,0.00 XLM,0.00 XLM
GCPTTGAHGXFFNWTMRXN6IEUNQ4EQCYXXDFCMXRHSPXITURMGRZNEKC2W,0.13 XLM,0.00 XLM,0.00 XLM
GCPIXGAE62PMHSM57INIU57U2EVS72INJZTMOTONQVFXPB6YZEAOIZDH,0.13 XLM,0.00 XLM,0.00 XLM
GCDORDBGTAGADRRABSLFYJ4HYPNFKAIVCW6WLQQGMB2VZG6ZEXYARYLM,0.13 XLM,0.00 XLM,0.00 XLM
GDP3UD3BHWWXKG34KEOFH4EAXJBYWS7TLJYD2AKVQHUY6G4ZKF5V7ZI7,0.13 XLM,0.00 XLM,0.00 XLM
GCM3SUOLMJBDT5ZK7ZCD5XCYJNYC5KVJ3FNUPVVQDSQBPF2YQ6L6BG7D,0.13 XLM,0.00 XLM,0.00 XLM
GDMSQ6P3TNRJXCIOHXDYIVZIV3SYMMTDNNL5MGVQRS3T533OM7X6SPN5,0.13 XLM,0.00 XLM,0.00 XLM
GBL2AZ6ZGEKC3SM5YIU4HOZ3K2DOAQ7YFHWENQXFHPDNS5ZRSHSLCS3E,0.13 XLM,0.00 XLM,0.00 XLM
GBYLK2BROH74HBOPNGWOPWLND54S6ZGV6YPXKVUCKWCDZ2SNSBS4IVVP,0.13 XLM,0.00 XLM,0.00 XLM
GAEF26YBZNNSR7IRPNUY7ZSZDW2YWVLNKOACNVP3Q6M6SWDZPIVM66AQ,0.13 XLM,0.00 XLM,0.00 XLM
GAVGBRX26QLDVAPJSISNA6ENY74XLLJNKLPQQTD4J7IBAOY4AUNDIXYW,0.13 XLM,0.00 XLM,0.00 XLM
GBV47CIMIKLI2MDJNJ5FLIBTTIWLLUQSFGDZAIJLFL4VEG5PJAS6DZA7,0.13 XLM,0.00 XLM,0.00 XLM
GD6QX7Y5B2GV42Q6SBG3Z6KCHVJW2YSHCFKEWEFPRLG4562MQY5QE4V5,0.13 XLM,0.00 XLM,0.00 XLM
GBLWTE6TNFP7XSECZFEEJOJACOFICQS5W7GIFR2PUVQDMN5QEYMMZKOU,0.13 XLM,0.00 XLM,0.00 XLM
GC4UBCBK5H6ILXMMTR6L6VCGSB5PXC3WNZFIJ6YV2MSQ6UQBPV77A5XY,0.13 XLM,0.00 XLM,0.00 XLM
GAZ3PHHRCOUARGKXLWFOYSNOEYIVHHFTCLFD46JKDH6GEEAZQOX5DIDA,0.13 XLM,0.00 XLM,0.00 XLM
GBS7SOOTRYEW54JVB72RZ33TKKWHPL6252XOYQGBUHQJPC2RR3G5WYSQ,0.13 XLM,0.00 XLM,0.00 XLM
GAMDISZFPELOE4DZY7PCAESAD3BICX6PHBEPWPLY3DQLBS3KC4D6GCIY,0.13 XLM,0.00 XLM,0.00 XLM
GCTCOUKFWC3N346GW6JAT6OK24EVFIKAA4I67LAIYBFTDTX6PX3GD3BL,0.13 XLM,0.00 XLM,0.00 XLM
GDLWN4SCH2XA5KXZEDMSXJKA723TF6NNFSGBGEYKF6AHT7D3MHB5FUMI,0.13 XLM,0.00 XLM,0.00 XLM
GAAAZP3XMEHG7I53JDIUDTDCQSLVI6PXU65Q2CK65GH2CLGHJ4QTOVEG,0.13 XLM,0.00 XLM,0.00 XLM
GCYNWPTAWDRWEVQLBT2RT3C5Q3XY25BAQR2ZESN24NM6J5EHCXAOIF76,0.13 XLM,0.00 XLM,0.00 XLM
GD7UTVO3PQES3V6FZULNOEHKZUZDIDPUZTG7EE5VEHZZDATM5T4CV6BP,0.13 XLM,0.00 XLM,0.00 XLM
GCOENUDFOKZQGUWHZCWCZRYC3ERXQTYY5J2Z3STG4F4FHPEDXCZ6ROMR,0.13 XLM,0.00 XLM,0.00 XLM
GDDDHXE74JQNP4NJ3CJUWMIZQD3EL5AMCIPQLLHA7QDH5JAFS6SJXZFZ,0.13 XLM,0.00 XLM,0.00 XLM
GBRZYS7MOVY7K4CWKGSNCBGPFY2ARRJVC7USV7WEZ3KR2G75SKXGTHFC,0.13 XLM,0.00 XLM,0.00 XLM
GA777F6P2ZZJKO23V4FJ45B5EORKCJQWIBXVXZVWES2AHVRGKE2QAQOF,0.13 XLM,0.00 XLM,0.00 XLM
GDWYJLGTX5XLMRKIT75ZSYH7FFVT4VUNDQ4BHPLJMJYJNLM234VFOJEN,0.13 XLM,0.00 XLM,0.00 XLM
GBGSC3DYHC5HCEH6BOJQWO3SWEEKV3ILLNH5VLQTZRBWG25NA3SJ3CX5,0.13 XLM,0.00 XLM,0.00 XLM
GCAJPTZESOOLZGRWASXXOXJBPO2A6HFR2YVDSADDVZBKS5ILYW6A3CNR,0.13 XLM,0.00 XLM,0.00 XLM
GADYB2MPIUXB24C6MVQFWUBB3WGIGF7UYKZHVDPOR6FSFJF7WDTUG2JZ,0.13 XLM,0.00 XLM,0.00 XLM
GDOZVEJAMTHM23OKDBOPAECQSWZSPZFLRYRQOBZIAQV4Z6FQ5EQCNHCW,0.13 XLM,0.00 XLM,0.00 XLM
GDYZ6IEM5NWQIQ3JP5W5UKXSGTMFY73DKOQYGZQQTY645BZT6Q64BCIS,0.13 XLM,0.00 XLM,0.00 XLM
GACMR3V3TELCJUNA3QIV5M2CDFDE5QECNDAUPS7VCKX3LW7EYKQDWJPY,0.13 XLM,0.00 XLM,0.00 XLM
GDVYWZTWD5JXQUPI5IXGTEIUEDQCCKCUHIH2MCR6ZXCMQSLHLZ2Q2QGY,0.13 XLM,0.00 XLM,0.00 XLM
GARQV6UGNXQNVAJU6SJH2T6TZOQL4X3WLPBEWH7Y3HHDKSNRTRTOL5QA,0.13 XLM,0.00 XLM,0.00 XLM
GBH7AZLSQGDD7BQVPM4NRIOT6JJ7ECKB7MSKCZFISM3KHHCNOKUN7TBJ,0.13 XLM,0.00 XLM,0.00 XLM
GDIW3UJWYULR25TMK2KTYOGLI22ZEWT4HAGWLSXRFPRUSU4Z6WC7BK3Z,0.13 XLM,0.00 XLM,0.00 XLM
GAX6YMR76RGKD3UKSUXLHD3DJ4LDN5NFIJGDXA2RCHHZ2L5T7JHTQ2WA,0.13 XLM,0.00 XLM,0.00 XLM
GAW5LSPI4WP5LV7YIREDGGLYDDHRKFOUNJQYX6FGMCATCFZS7Z3KCG4Q,0.13 XLM,0.00 XLM,0.00 XLM
GDELCKNEPWLH47ASDQHWG3IEKG7I52VUXLBCQV5C4QOYLW4BA2MAXJ4M,0.13 XLM,0.00 XLM,0.00 XLM
GD6RHQJDHTW54SLEL42EANLPMT3OH5YIRO2R3GWO2QEMFVQ5FK4NVGYU,0.13 XLM,0.00 XLM,0.00 XLM
GARADM35WZR47OQXLNTPEP2Q7KUSTAUBXYCIUD42L4LYLWIDZWWHIOOY,0.11 XLM,0.00 XLM,0.00 XLM
GDBBXGF6AEUWUDBFD4LEN4IS5NQCHVPK5GOMVEGO6EZINZ4SG52BDQ5O,0.10 XLM,0.00 XLM,234.57 XLM
GAXJIX3OHOR3C6EPUNKJ3ML4JRY22EXH4BFR7VPIAH5666I5AWDNRB3N,0.10 XLM,0.00 XLM,0.00 XLM
GBSYFNGOTEFXZW5LXRD6DSRZ5OEARI57YKFNQIZGC3ZG6VGRUSNGNNI3,0.10 XLM,0.00 XLM,0.00 XLM
GDYPVU34PUZCGIRHJP3UYOUMDCTUEOWQ24JOS6FGGUUHM5QSFQ2C2EGV,0.10 XLM,0.00 XLM,0.00 XLM
GAP7UEKVVET7DL5WAV4V5E7EV3VKOIGW2U256LJWCHYWSAS5CO36NH7P,0.00 XLM,0.08 XLM,0.00 XLM
GDR7T3W3M3NQWKRCHM7W5G6FWI4JSFPECELYFZMIFW5ZGVMW72BRTBO4,0.07 XLM,0.00 XLM,0.00 XLM
GA7ACXLQSUTJBNYJ5KWFLHTOKONXG6WHQ2EZR4CI7RZZE523H3KUVVAN,0.06 XLM,0.00 XLM,0.00 XLM
GCSKFKCHEBC7YEDG4CDGUUDAP7VIIMNP4YUQ5FM6RFUJ47C5YDXNVPUP,0.02 XLM,0.00 XLM,0.00 XLM
GCDH56RO3ZAJTRLKKEI5G5YRBPKADWD32J5QHDOYLIS5S3G6VZWNFYI2,0.02 XLM,0.00 XLM,0.00 XLM
GDUJYX3KYANEOV5GU42V7ZGINRLE6YV5KWBC4IJMZLSWZ7R3TLRTX3EG,0.02 XLM,0.00 XLM,0.00 XLM
GANKTQ6JMFDAOAOS6FNZRQOA7CMZAPJ7OJ7W76EIQRIVUEA6FJPD2AWE,0.01 XLM,0.00 XLM,0.00 XLM
GAUTQK4R2E3YS45IAAPTCH4LD7YMRVB27VFR2FMRIVZHBE4SR7PXY2YD,0.01 XLM,0.00 XLM,0.00 XLM
GD67526PQSRAXR5TKNLMA55S2BEWRDC4U5B6TW4757PX4KEJJK4PCSUP,0.00 XLM,0.01 XLM,0.00 XLM
GB5F2BYPFRSCMQPPR226EDCMZDVAVYNN5JIEDLPIN2AV3QMYKUFNXHNB,0.00 XLM,0.00 XLM,"305,005.90 XLM"
GCR5GTSR5DIZWK7QDAKNHK5D7YLLNREYDIWYBUXT4CMVQ7SAZFCD6NBZ,0.00 XLM,0.00 XLM,"2,500.04 XLM"
GC43VW7DGJREUMJWMHJZOAWWWQ374ZKCFS2GKGRMNAIXSNV53WIBY5AA,0.00 XLM,0.00 XLM,"10,000.02 XLM"
GBNZXBH7SWFPU7WW2D3WGMWZHSH2L3G5XFQO3FTLU5ZIYINOOAI2EQVI,0.00 XLM,0.00 XLM,"100,001.18 XLM"
GDNOXBBUEU4526TF6W43VDLOTAX62BBRAGAYMFHXBWODWE4XICUKU4P7,0.00 XLM,0.00 XLM,"12,600.72 XLM"
GBTCIFMWQ63FIYT7D6Z7FT77IFWEPOXNHCIWLQIZI2K5O4NKCLMY6XH7,0.00 XLM,0.00 XLM,13.86 XLM
GDZQNTGICX27TQU5DDLJL5ZZVB2QDDYEVUZLCDHDVNAI6LCBJHPUTEME,0.00 XLM,0.00 XLM,"75,004.19 XLM"
GDNK74PMBZ2KML2E3OILXBRANUATP33Z3EPLSZBUXP6MET7OVOBL34SB,0.00 XLM,0.00 XLM,140.01 XLM
GCALJQQWZG7QIFQPCIEQ6IZUJKCPDBPTSNW4N76YFSM5INFRDP3FDMHT,0.00 XLM,0.00 XLM,"6,274.80 XLM"
GAFBNJTWT6WX3A65IY62ZOUWPFC5VQAHC5PCB5SV23ZKOMHKEFJFQSGC,0.00 XLM,0.00 XLM,"106,097.03 XLM"
GAKL6IWNAFDFETXPIHBNOUVD5LSZFFPFHPCN3XLATIKGFJOMIF5R7JYV,0.00 XLM,0.00 XLM,30.01 XLM
GAWQ65TJFYWNLNGE2KCT6RGSLN6NES53GFJXWEOYJHFGW5DA7KAZH6JE,0.00 XLM,0.00 XLM,7.00 XLM
TOTAL,"437,221,173.68 XLM","21,517.61 XLM","723,626.15 XLM"
